,background,body
0,B-2,16
1,B-2,3
2,B-3,27
3,B-4,2
4,B-2,5
5,B-3,18
6,B-1,20
7,B-2,15
8,B-5,4
9,B-3,28
10,B-3,21
11,B-2,13
12,B-4,18
13,B-1,8
14,B-1,24
15,B-5,23
16,B-3,7
17,B-1,4
18,B-2,4
19,B-1,22
20,B-4,14
21,B-1,19
22,B-4,6
23,B-4,7
24,B-3,9
25,B-4,12
26,B-4,28
27,B-5,12
28,B-5,6
29,B-5,16
30,B-5,27
31,B-4,19
32,B-5,24
33,B-2,9
34,B-5,11
35,B-4,13
36,B-2,8
37,B-4,17
38,B-5,20
39,B-5,10
40,B-1,18
41,B-2,14
42,B-3,5
43,B-1,28
44,B-3,4
45,B-3,16
46,B-5,15
47,B-5,18
48,B-2,6
49,B-4,26
50,B-5,3
51,B-5,22
52,B-4,15
53,B-3,3
54,B-3,15
55,B-2,19
56,B-2,7
57,B-3,1
58,B-4,5
59,B-4,11
60,B-1,25
61,B-1,2
62,B-2,17
63,B-3,10
64,B-2,10
65,B-1,10
66,B-4,10
67,B-2,27
68,B-2,26
69,B-5,26
70,B-4,21
71,B-3,25
72,B-5,25
73,B-5,2
74,B-4,9
75,B-2,23
76,B-1,9
77,B-5,8
78,B-5,19
79,B-4,16
80,B-4,24
81,B-1,12
82,B-3,11
83,B-1,6
84,B-5,1
85,B-1,1
86,B-4,8
87,B-3,19
88,B-2,2
89,B-4,1
90,B-1,14
91,B-1,21
92,B-4,27
93,B-2,28
94,B-3,22
95,B-2,12
96,B-4,4
97,B-5,5
98,B-1,13
99,B-4,3
100,B-5,28
101,B-5,17
